<?xml version="1.0" encoding="UTF-8" ?>
<!DOCTYPE struts PUBLIC
    "-//Apache Software Foundation//DTD Struts Configuration 2.0//EN"
    "http://struts.apache.org/dtds/struts-2.0.dtd">

<struts>
	<!-- 全局资源 -->
	<include file="globle.xml" />
	<!-- 用户维护 -->
	<package name="notice" namespace="/control/notice" extends="globle">
		<action name="NoticeAction_*" class="noticeAction" method="{1}">
			<result name="noticeList_success">/WEB-INF/page/sysMessage/sysMessagesList.jsp</result>
			<result name="addNoticeUI_success">/WEB-INF/page/sysMessage/sysMessagesUI.jsp</result>
			<result name="updateNoticeUI_success">/WEB-INF/page/sysMessage/sysMessagesUI.jsp</result>
			<result name="addNotice_success" type="redirect">NoticeAction.action</result>
			<result name="updateNotice_success" type="redirect">NoticeAction.action</result>
			<result name="deleteNotice_success" type="redirect">NoticeAction.action</result>
			<result name="delUploadFile_success" type="redirect">NoticeAction_updateNoticeUI.action?notice.id=${notice.id }</result>
			<result name="downloadFile_success" type="stream">
				<param name="contentType">application/octet-stream;charset=ISO8859-1</param>
				<param name="contentDisposition">attachment;filename="${downFileName }"</param>
				<param name="inputName">downloadFile</param>
			</result>
		</action>
	</package>
</struts>