<?xml version="1.0" encoding="UTF-8" ?>
<!DOCTYPE struts PUBLIC
    "-//Apache Software Foundation//DTD Struts Configuration 2.0//EN"
    "http://struts.apache.org/dtds/struts-2.0.dtd">

<struts>
	<!-- 全局资源 -->
	<include file="globle.xml" />
	<!-- 用户维护 -->
	<package name="noticeInit" namespace="/control/noticeInit" extends="globle">
		<action name="NoticeInitAction_*" class="noticeInitAction" method="{1}">
			<result name="noticeDetail_success">/WEB-INF/page/sysMessage/messageDetail.jsp</result>
			<result name="initNotice_success">/WEB-INF/page/FrameMain.jsp</result>
			<result name="includes">/WEB-INF/page/notice/include.jsp</result>
		</action>
	</package>
</struts>