<?xml version="1.0" encoding="UTF-8" ?>
<!DOCTYPE struts PUBLIC
    "-//Apache Software Foundation//DTD Struts Configuration 2.0//EN"
    "http://struts.apache.org/dtds/struts-2.0.dtd">

<struts>
	<!-- 全局资源 -->
	<include file="globle.xml" />
	<package name="ABReplace" namespace="/control/consulation" extends="globle">
		<action name="ABReplaceAction_*" class="ABReplaceAction" method="{1}">
			<!-- AB角色变更 -->
			<result name="ABReplaceUI">/WEB-INF/page/ABReplace/ABReplaceUI.jsp</result>
			<result name="ABReplacedeTail">/WEB-INF/page/ABReplace/enterprieseDetail.jsp</result>
			<result name="noneData">/WEB-INF/page/ABReplace/none.jsp</result>
			<result name="ABReplaceSubmit" type="redirect">ABReplaceAction.action</result>
		</action>
	</package>
</struts>