<?xml version="1.0" encoding="UTF-8" ?>
<!DOCTYPE struts PUBLIC
    "-//Apache Software Foundation//DTD Struts Configuration 2.0//EN"
    "http://struts.apache.org/dtds/struts-2.0.dtd">

<struts>
	<!-- 全局资源 -->
	<include file="globle.xml" />
	<!-- 用户维护 -->
	<package name="approval" namespace="/control/consulation" extends="globle">
		<action name="ApprovalAction_*" class="approvalAction" method="{1}">
			<result name="approval_success">/WEB-INF/page/approval/approvalList.jsp</result>
			<result name="addUI_success">/WEB-INF/page/approval/approvalUI.jsp</result>
			<result name="havefindchildrenBanks_success">/WEB-INF/page/approval/includeBankschild.jsp</result>
			<result name="haveloanTypechildren_success">/WEB-INF/page/approval/includeLoanTypechild.jsp</result>
			<result name="findabstractname">/WEB-INF/page/approval/abstractname.jsp</result>
			<result name="enterpriseObject">/WEB-INF/page/share/ajax_message.jsp</result>
			<result name="save_success" type="redirect">ApprovalAction.action</result>
			<result name="goList_success" type="redirect">ApprovalAction.action</result>
			<result name="goDetail_success">/WEB-INF/page/approval/approvalUI.jsp</result>
			<result name="goDetail_readyOnly">/WEB-INF/page/approval/approvalUIReadOnly.jsp</result>
		</action>
	</package>
</struts>