<?xml version="1.0" encoding="UTF-8" ?>
<!DOCTYPE struts PUBLIC
    "-//Apache Software Foundation//DTD Struts Configuration 2.0//EN"
    "http://struts.apache.org/dtds/struts-2.0.dtd">

<struts>
	<!-- 全局资源 -->
	<include file="globle.xml" />
    <package name="consulation" namespace="/control/consulation" extends="globle">
    	<!-- 企业咨询 -->
		<action name="ConsulationAction_*" class="consulationAction" method="{1}">
			<result name="consulation_success">/WEB-INF/page/consulation/consulationList.jsp</result>
			<result name="addUI_success">/WEB-INF/page/consulation/consulationUI.jsp</result>
			<result name="havefindchildrenBanks_success">/WEB-INF/page/consulation/includeBankschild.jsp</result>
			<result name="haveloanTypechildren_success">/WEB-INF/page/consulation/includeLoanTypechild.jsp</result>
			<result name="findabstractname">/WEB-INF/page/consulation/abstractname.jsp</result>
			<result name="havefindchildrenBanksSecond">/WEB-INF/page/consulation/secondBankschild.jsp</result>
			<result name="enterpriseObject">/WEB-INF/page/share/ajax_message.jsp</result>
			<result name="save_success" type="redirect">ConsulationAction.action</result>
			<result name="submit_success" type="redirect">ConsulationAction.action</result>
			<result name="update_success" type="redirect">ConsulationAction.action</result>
			<result name="goList_success" type="redirect">ConsulationAction.action</result>
			<result name="dispose_success">/WEB-INF/page/consulation/disposeUI.jsp</result>
			<result name="goDetail_success">/WEB-INF/page/consulation/consulationUI.jsp</result>
			<result name="goDetail_readyOnly">/WEB-INF/page/consulation/consulationUIReadOnly.jsp</result>
        </action>
	</package>	
</struts>