<?xml version="1.0" encoding="UTF-8" ?>
<!DOCTYPE struts PUBLIC
    "-//Apache Software Foundation//DTD Struts Configuration 2.0//EN"
    "http://struts.apache.org/dtds/struts-2.0.dtd">

<struts>
	<!-- 全局资源 -->
	<include file="globle.xml" />
	
	<package name="enterpriseType" namespace="/control/enterpriseType" extends="globle">
		<action name="EnterpriseTypeAction_*" class="enterpriseTypeAction" method="{1}">
			<result name="enterpriseTypeList_success">/WEB-INF/page/enterpriseType/enterpriseTypeList.jsp</result>
			<result name="addUI_success">/WEB-INF/page/enterpriseType/addEnterpriseTypeUI.jsp</result>
			<result name="updateUI_success">/WEB-INF/page/enterpriseType/updateEnterpriseTypeUI.jsp</result>
			<result name="goList_success" type="redirect">EnterpriseTypeAction.action</result>
		</action>
	</package>
</struts>