<?xml version="1.0" encoding="UTF-8" ?>
<!DOCTYPE struts PUBLIC
    "-//Apache Software Foundation//DTD Struts Configuration 2.0//EN"
    "http://struts.apache.org/dtds/struts-2.0.dtd">

<struts>
	<!-- 全局资源 -->
	<include file="globle.xml" />
	<!-- 用户维护 -->
	<package name="enterpriseCD" namespace="/control/enterprise" extends="globle">
		<action name="EnterpriseCDAction_*" class="enterpriseCDAction" method="{1}">
			<result name="enterpriseCD_listSuccess">/WEB-INF/page/enterprise/enterpriseCDlist.jsp</result>
			<result name="addUI_success">/WEB-INF/page/enterprise/manageEnterpriseCD.jsp</result>
			<result name="updateUI_success">/WEB-INF/page/enterprise/manageEnterpriseCD.jsp</result>
			<result name="add_success" type="redirect">EnterpriseCDAction.action</result>
			<result name="update_success" type="redirect">EnterpriseCDAction.action</result>
			<result name="delete_success" type="redirect">EnterpriseCDAction.action</result>
		</action>
	</package>
</struts>