<?xml version="1.0" encoding="UTF-8" ?>
<!DOCTYPE struts PUBLIC
    "-//Apache Software Foundation//DTD Struts Configuration 2.0//EN"
    "http://struts.apache.org/dtds/struts-2.0.dtd">

<struts>
	<!-- 全局资源 -->
	<include file="globle.xml" />
	<package name="leaderCheck" namespace="/control/consulation" extends="globle">
		<action name="LeaderCheckAction_*" class="leaderCheckAction" method="{1}">
			<!-- 分管领导审查 -->
			<result name="leaderCheckList">/WEB-INF/page/leaderCheck/leaderCheckList.jsp</result>
			<result name="leaderCheckdeTail">/WEB-INF/page/leaderCheck/leaderCheckDetail.jsp</result>
			<result name="leaderCheckSubmit" type="redirect">LeaderCheckAction.action</result>
		</action>
	</package>
</struts>