<?xml version="1.0" encoding="UTF-8" ?>
<!DOCTYPE struts PUBLIC
    "-//Apache Software Foundation//DTD Struts Configuration 2.0//EN"
    "http://struts.apache.org/dtds/struts-2.0.dtd">

<struts>
	<!-- 全局资源 -->
	<include file="globle.xml" />
	<!-- 担保种类 -->
	<package name="loanType" namespace="/control/loantype" extends="globle">
		<action name="LoanTypeAction_*" class="loanTypeAction" method="{1}">
			<result name="loanTypeList_success">/WEB-INF/page/loanType/loanTypeList.jsp</result>
			<result name="addUI_success">/WEB-INF/page/loanType/managerLoanType.jsp</result>
			<result name="updateUI_success">/WEB-INF/page/loanType/managerLoanType.jsp</result>
			<result name="goList_success" type="redirect">LoanTypeAction.action?loanType.parentId=${loanType.parentId}</result>
		</action>
	</package>
</struts>