<?xml version="1.0" encoding="UTF-8" ?>
<!DOCTYPE struts PUBLIC
    "-//Apache Software Foundation//DTD Struts Configuration 2.0//EN"
    "http://struts.apache.org/dtds/struts-2.0.dtd">

<struts>
	<!-- 全局资源 -->
	<include file="globle.xml" />
	
	<package name="registType" namespace="/control/registType" extends="globle">
		<action name="RegistTypeAction_*" class="registTypeAction" method="{1}">
			<result name="registTypeList_success">/WEB-INF/page/registType/registTypeList.jsp</result>
			<result name="addUI_success">/WEB-INF/page/registType/addRegistUI.jsp</result>
			<result name="goList_success" type="redirect">RegistTypeAction.action</result>
			<result name="updateUI_success">/WEB-INF/page/registType/updateRegistTypeUI.jsp</result>
		</action>
	</package>
</struts>