<?xml version="1.0" encoding="UTF-8" ?>
<!DOCTYPE struts PUBLIC
    "-//Apache Software Foundation//DTD Struts Configuration 2.0//EN"
    "http://struts.apache.org/dtds/struts-2.0.dtd">

<struts>
	<!-- 全局资源 -->
	<include file="globle.xml" />
	<package name="reviewAndLawerCheck" namespace="/control/consulation" extends="globle">
		<action name="ReviewAndLawerCheckAction_*" class="reviewAndLawerCheckAction" method="{1}">
				<!-- 项目复审/法务审查 -->
			<result name="checkList">/WEB-INF/page/reviewAndLawerCheck/reviewAndLawerCheckList.jsp</result>
			<result name="checkdeTail">/WEB-INF/page/reviewAndLawerCheck/reviewAndLawerCheckDetail.jsp</result>
			<result name="checkSubmit" type="redirect">ReviewAndLawerCheckAction.action</result>
		</action>
	</package>
</struts>