<?xml version="1.0" encoding="UTF-8" ?>
<!DOCTYPE struts PUBLIC
    "-//Apache Software Foundation//DTD Struts Configuration 2.0//EN"
    "http://struts.apache.org/dtds/struts-2.0.dtd">

<struts>
	<!-- 全局资源 -->
	<include file="globle.xml" />
	<package name="source" namespace="/control/source" extends="globle">
		<action name="SourceAction_*" class="sourceAction" method="{1}">
			<result name="sourceList_success">/WEB-INF/page/source/sourceList.jsp</result>
			<result name="addUI_success">/WEB-INF/page/source/addSourceUI.jsp</result>
			<result name="updateUI_success">/WEB-INF/page/source/updateSourceUI.jsp</result>
			<result name="goList_success" type="redirect">SourceAction.action</result>
		</action>
	</package>	
</struts>