<?xml version="1.0" encoding="UTF-8" ?>
<!DOCTYPE struts PUBLIC
    "-//Apache Software Foundation//DTD Struts Configuration 2.0//EN"
    "http://struts.apache.org/dtds/struts-2.0.dtd">

<struts>
	<!-- 全局资源 -->
	<include file="globle.xml" />
	<!-- 项目调查 -->
	<package name="surveyDepartManager" namespace="/control/consulation" extends="globle">
		<action name="SurveyDepartManagerAction_*" class="surveyDepartManagerAction" method="{1}">
			<result name="projectViewList_success">/WEB-INF/page/departManagerCheck/departManagerCheckList.jsp</result>
			<result name="projectViewDetail_success">/WEB-INF/page/departManagerCheck/departManagerCheckDetail.jsp</result>
			<result name="submitDepartManagerCheck_success" type="redirect">SurveyDepartManagerAction.action</result>
		</action>
	</package>
</struts>