<?xml version="1.0" encoding="UTF-8" ?>
<!DOCTYPE struts PUBLIC
    "-//Apache Software Foundation//DTD Struts Configuration 2.0//EN"
    "http://struts.apache.org/dtds/struts-2.0.dtd">

<struts>
	<!-- 全局资源 -->
	<include file="globle.xml" />
	<!-- 项目调查 -->
	<package name="surveyAReport" namespace="/control/consulation" extends="globle">
		<action name="SurveyAReportAction_*" class="surveyAReportAction" method="{1}">
			<result name="projectSurveyList">/WEB-INF/page/projectASurvey/projectASurveyList.jsp</result>
			<result name="projectSurveydeTail">/WEB-INF/page/projectASurvey/projectASurveyDetail.jsp</result>
			<result name="projectSurveySubmit" type="redirect">SurveyAReportAction.action</result>
		</action>
	</package>
</struts>