<?xml version="1.0" encoding="UTF-8" ?>
<!DOCTYPE struts PUBLIC
    "-//Apache Software Foundation//DTD Struts Configuration 2.0//EN"
    "http://struts.apache.org/dtds/struts-2.0.dtd">

<struts>
	<!-- 全局资源 -->
	<include file="globle.xml" />
	<!-- 项目调查 -->
	<package name="surveyBReport" namespace="/control/consulation" extends="globle">
		<action name="SurveyBReportAction_*" class="surveyBReportAction" method="{1}">
			<result name="projectSurveyList">/WEB-INF/page/projectBSurvey/projectBSurveyList.jsp</result>
			<result name="projectSurveydeTail">/WEB-INF/page/projectBSurvey/projectBSurveyDetail.jsp</result>
			<result name="projectSurveySubmit" type="redirect">SurveyBReportAction.action</result>
		</action>
	</package>
</struts>