<?xml version="1.0" encoding="UTF-8" ?>
<!DOCTYPE struts PUBLIC
    "-//Apache Software Foundation//DTD Struts Configuration 2.0//EN"
    "http://struts.apache.org/dtds/struts-2.0.dtd">

<struts>
	<!-- 全局资源 -->
	<include file="globle.xml" />
	<package name="windControlManagerCheck" namespace="/control/consulation" extends="globle">
		<action name="WindControlManagerCheckAction_*" class="windControlManagerCheckAction" method="{1}">
			<!-- 风控经理审查 -->
			<result name="windControlManagerCheckList">/WEB-INF/page/windControlManagerCheck/windControlManagerCheckList.jsp</result>
			<result name="windControlManagerCheckdeTail">/WEB-INF/page/windControlManagerCheck/windControlManagerCheckDetail.jsp</result>
			<result name="windControlManagerCheckSubmit" type="redirect">WindControlManagerCheckAction.action</result>
		</action>
	</package>
</struts>