<?xml version="1.0" encoding="UTF-8" ?>
<!DOCTYPE struts PUBLIC
    "-//Apache Software Foundation//DTD Struts Configuration 2.0//EN"
    "http://struts.apache.org/dtds/struts-2.0.dtd">

<struts>
	<!-- 全局资源 -->
	<include file="globle.xml" />
	<!-- 部门维护 -->
	<package name="organization" namespace="/control/organization" extends="globle">
		<action name="OrganizationAction_*" class="organizationAction" method="{1}">
			<result name="orgList_success">/WEB-INF/page/organization/orgList.jsp</result>
			<result name="addOrgUI_success">/WEB-INF/page/organization/manageOrgUI.jsp</result>
			<result name="rubise_success">/WEB-INF/page/organization/rubies.jsp</result>
			<result name="updateUI_success">/WEB-INF/page/organization/manageOrgUI.jsp</result>
			<result name="goList_success" type="redirect">OrganizationAction.action?flag=${flag}</result>
		</action>
	</package>
</struts>