<?xml version="1.0" encoding="UTF-8" ?>
<!DOCTYPE struts PUBLIC
    "-//Apache Software Foundation//DTD Struts Configuration 2.0//EN"
    "http://struts.apache.org/dtds/struts-2.0.dtd">

<struts>
	<!-- 全局资源 -->
	<include file="globle.xml" />
	<!-- 用户维护 -->
	<package name="role" namespace="/control/role" extends="globle">
		<action name="RoleAction_*" class="roleAction" method="{1}">
			<result name="roleList_success">/WEB-INF/page/role/roleList.jsp</result>
			<result name="rubise_success">/WEB-INF/page/role/rubies.jsp</result>
			<result name="addRoleUI_success">/WEB-INF/page/role/manageRoleUI.jsp</result>
			<result name="updateRoleUI_success">/WEB-INF/page/role/manageRoleUI.jsp</result>
			<result name="goList_success" type="redirect">RoleAction.action?pagePosition=${pagePosition}&amp;flag=${flag}</result>
		</action>
	</package>
</struts>