<?xml version="1.0" encoding="UTF-8" ?>
<!DOCTYPE struts PUBLIC
    "-//Apache Software Foundation//DTD Struts Configuration 2.0//EN"
    "http://struts.apache.org/dtds/struts-2.0.dtd">

<struts>
	<!-- 全局资源 -->
	<include file="globle.xml" />
	<!-- 用户维护 -->
	<package name="user" namespace="/control/user" extends="globle">
		<action name="UserAction_*" class="userAction" method="{1}">
			<result name="userList_success">/WEB-INF/page/user/userList.jsp</result>
			<result name="addUserUI_success">/WEB-INF/page/user/UserUI.jsp</result>
			<result name="goUserList_success" type="redirect">UserAction.action</result>
			<result name="userRolesList_success">/WEB-INF/page/user/userRolesList.jsp</result>
			<result name="projectManagerList_success">/WEB-INF/page/user/projectManagerList.jsp</result>
			<result name="showUserRoles_success">/WEB-INF/page/user/managerUserRoles.jsp</result>
			<result name="userDetail_success">/WEB-INF/page/user/UserUI.jsp</result>
			<result name="goList_success" type="redirect">UserAction_query.action?userView.realName=${userView.realName}&amp;userView.userId=${userView.userId}&amp;userView.gender=${userView.gender}&amp;userView.visible=${userView.visible}&amp;userView.orgNo=${userView.orgNo}&amp;userView.roleId=${userView.roleId}&amp;userView.shenBaoHuiMumber=${userView.shenBaoHuiMumber}&amp;userView.officeMumber=${userView.officeMumber}</result>
		</action>
	</package>
	<package name="login" namespace="/user" extends="globle">
		<!-- 登录start -->
		<action name="LoginAction_*" class="loginAction" method="{1}">
			<result name="login_success">/WEB-INF/page/index.jsp</result>
			<result name="login_error">/WEB-INF/page/globlemessage/message.jsp</result>
			<result name="frameMenu_success">/WEB-INF/page/FrameMenu.jsp</result>
			<result name="frameHead_success">/WEB-INF/page/FrameHeader.jsp</result>
			<result name="lougout_success">/index.jsp</result>
		</action>
		<!-- 登录end -->
	</package>	
</struts>