<?xml version="1.0" encoding="UTF-8" ?>
<!DOCTYPE struts PUBLIC
    "-//Apache Software Foundation//DTD Struts Configuration 2.0//EN"
    "http://struts.apache.org/dtds/struts-2.0.dtd">

<struts>
	<!-- 全局资源 -->
	<include file="globle.xml" />
	<package name="projectNoStrategy" namespace="/control/projectNoStrategy" extends="globle">
		<action name="ProjectNoStrategyAction_*" class="projectNoStrategyAction" method="{1}">
			<result name="projectNoStrategyList_success">/WEB-INF/page/projectNoStrategy/projectNoStrategyList.jsp</result>
			<result name="manageUI_success">/WEB-INF/page/projectNoStrategy/manageUI.jsp</result>
			<result name="manage_success" type="redirect">ProjectNoStrategyAction.action</result>
			<result name="delete_success" type="redirect">ProjectNoStrategyAction.action</result>
		</action>
	</package>	
</struts>