<?xml version="1.0" encoding="UTF-8" ?>
<!DOCTYPE struts PUBLIC
    "-//Apache Software Foundation//DTD Struts Configuration 2.0//EN"
    "http://struts.apache.org/dtds/struts-2.0.dtd">

<struts>
	<!-- 全局资源 -->
	<include file="globle.xml" />
	<!-- 用户维护 -->
	<package name="relation" namespace="/control/relation" extends="globle">
		<action name="RelationAction_*" class="relationAction" method="{1}">
			<result name="relationList_success">/WEB-INF/page/relation/relationList.jsp</result>
			<result name="addRelationUI_success">/WEB-INF/page/relation/RelationUI.jsp</result>
			<result name="showOtherUsers_success">/WEB-INF/page/relation/message.jsp</result>
			<result name="goRelationList_success" type="redirect">RelationAction.action</result>
			<result name="delete_success" type="redirect">RelationAction.action</result>
			<result name="updateUI_success">/WEB-INF/page/relation/updateUI.jsp</result>
			<result name="update_success" type="redirect">RelationAction.action</result>
			<result name="query_success">/WEB-INF/page/relation/relationList.jsp</result>
		</action>
	</package>
</struts>