<?xml version="1.0" encoding="UTF-8" ?>
<!DOCTYPE struts PUBLIC
    "-//Apache Software Foundation//DTD Struts Configuration 2.0//EN"
    "http://struts.apache.org/dtds/struts-2.0.dtd">

<struts>
	<!-- 全局资源 -->
	<include file="globle.xml" />
	<package name="approve" namespace="/control/assessment" extends="globle">
		<action name="ApproveAction_*" class="approveAction" method="{1}">
			<!-- 审批处理 -->
			<result name="approveList">/WEB-INF/page/approve/approveList.jsp</result>
			<result name="approvedeTail">/WEB-INF/page/approve/vote.jsp</result>
			<result name="approveSubmit" type="redirect">ApproveAction.action</result>
		</action>
	</package>
</struts>