<?xml version="1.0" encoding="UTF-8" ?>
<!DOCTYPE struts PUBLIC
    "-//Apache Software Foundation//DTD Struts Configuration 2.0//EN"
    "http://struts.apache.org/dtds/struts-2.0.dtd">

<struts>
	<!-- 全局资源 -->
	<include file="globle.xml" />
	<package name="fastChanel" namespace="/control/assessment" extends="globle">
		<action name="FastChanelAction_*" class="fastChanelAction" method="{1}">
			<!-- 快速通道项目 -->
			<result name="fastChanelList">/WEB-INF/page/projectFastChanel/projectFastChanelList.jsp</result>
			<result name="fastChaneldeTail">/WEB-INF/page/projectFastChanel/projectFastChanelDetail.jsp</result>
			<result name="fastChanleSubmit" type="redirect">FastChanelAction.action</result>
		</action>
	</package>
</struts>