<?xml version="1.0" encoding="UTF-8" ?>
<!DOCTYPE struts PUBLIC
    "-//Apache Software Foundation//DTD Struts Configuration 2.0//EN"
    "http://struts.apache.org/dtds/struts-2.0.dtd">

<struts>
	<!-- 全局资源 -->
	<include file="globle.xml" />
	<package name="FKDepartmentLeaderApproveAction" namespace="/control/assessment" extends="globle">
		<action name="FKDepartmentLeaderApproveAction_*" class="FKDepartmentLeaderApproveAction" method="{1}">
			<!-- 风控分管领导审批 -->
			<result name="FKDepartmentLeaderApproveList">/WEB-INF/page/FKDepartmentLeaderApprove/FKDepartmentLeaderApproveList.jsp</result>
			<result name="FKDepartmentLeaderApprovedeTail">/WEB-INF/page/FKDepartmentLeaderApprove/FKDepartmentLeaderApproveDetail.jsp</result>
			<result name="FKDepartmentLeaderApproveSubmit" type="redirect">FKDepartmentLeaderApproveAction.action</result>
		</action>
	</package>
</struts>