<?xml version="1.0" encoding="UTF-8" ?>
<!DOCTYPE struts PUBLIC
    "-//Apache Software Foundation//DTD Struts Configuration 2.0//EN"
    "http://struts.apache.org/dtds/struts-2.0.dtd">

<struts>
	<!-- 全局资源 -->
	<include file="globle.xml" />
	<package name="GMApprove" namespace="/control/assessment" extends="globle">
		<action name="GMApproveAction_*" class="GMApproveAction" method="{1}">
			<!-- 总经理审批 -->
			<result name="GMApproveList">/WEB-INF/page/GMApprove/GMApproveList.jsp</result>
			<result name="GMApprovedeTail">/WEB-INF/page/GMApprove/GMApproveDetail.jsp</result>
			<result name="GMApproveSubmit" type="redirect">GMApproveAction.action</result>
		</action>
	</package>
</struts>