<?xml version="1.0" encoding="UTF-8" ?>
<!DOCTYPE struts PUBLIC
    "-//Apache Software Foundation//DTD Struts Configuration 2.0//EN"
    "http://struts.apache.org/dtds/struts-2.0.dtd">

<struts>
	<!-- 全局资源 -->
	<include file="globle.xml" />
	<package name="office" namespace="/control/assessment" extends="globle">
		<action name="OfficeAction_*" class="officeAction" method="{1}">
			<!-- 办公会项目 -->
			<result name="officeList">/WEB-INF/page/office/officeList.jsp</result>
			<result name="officedeTail">/WEB-INF/page/office/officeDetail.jsp</result>
			<result name="officeSubmit" type="redirect">OfficeAction.action</result>
		</action>
	</package>
</struts>