<?xml version="1.0" encoding="UTF-8" ?>
<!DOCTYPE struts PUBLIC
    "-//Apache Software Foundation//DTD Struts Configuration 2.0//EN"
    "http://struts.apache.org/dtds/struts-2.0.dtd">

<struts>
	<!-- 全局资源 -->
	<include file="globle.xml" />
	<package name="officeSchedule" namespace="/control/assessment" extends="globle">
		<action name="OfficeScheduleAction_*" class="officeScheduleAction" method="{1}">
			<!-- 上会日程安排 -->
			<result name="officescheduleList">/WEB-INF/page/officeSchedule/officeScheduleList.jsp</result>
			<result name="officeScheduleSubmit" type="redirect">OfficeScheduleAction.action</result>
		</action>
	</package>
</struts>