<?xml version="1.0" encoding="UTF-8" ?>
<!DOCTYPE struts PUBLIC
    "-//Apache Software Foundation//DTD Struts Configuration 2.0//EN"
    "http://struts.apache.org/dtds/struts-2.0.dtd">

<struts>
	<!-- 全局资源 -->
	<include file="globle.xml" />
	<package name="overviewSchedule" namespace="/control/assessment" extends="globle">
		<action name="OverviewScheduleAction_*" class="overviewScheduleAction" method="{1}">
			<!-- 审保会日程安排 -->
			<result name="overviewScheduleList">/WEB-INF/page/overviewSchedule/overviewScheduleList.jsp</result>
			<result name="overviewScheduledeTail">/WEB-INF/page/overviewSchedule/overviewScheduleDetail.jsp</result>
			<result name="overviewScheduleSubmit" type="redirect">overviewScheduleAction.action</result>
		</action>
	</package>
</struts>