<?xml version="1.0" encoding="UTF-8" ?>
<!DOCTYPE struts PUBLIC
    "-//Apache Software Foundation//DTD Struts Configuration 2.0//EN"
    "http://struts.apache.org/dtds/struts-2.0.dtd">

<struts>
	<!-- 全局资源 -->
	<include file="globle.xml" />
	<package name="projectConfirm" namespace="/control/assessment" extends="globle">
		<action name="ProjectConfirmAction_*" class="projectConfirmAction" method="{1}">
			<!-- 项目经理确认 -->
			<result name="projectConfirmList">/WEB-INF/page/projectConfirm/projectConfirmList.jsp</result>
			<result name="projectConfirmdeTail">/WEB-INF/page/projectConfirm/projectConfirmDetail.jsp</result>
			<result name="projectConfirmSubmit" type="redirect">ProjectConfirmAction.action</result>
		</action>
	</package>
</struts>