<?xml version="1.0" encoding="UTF-8" ?>
<!DOCTYPE struts PUBLIC
    "-//Apache Software Foundation//DTD Struts Configuration 2.0//EN"
    "http://struts.apache.org/dtds/struts-2.0.dtd">

<struts>
	<!-- 全局资源 -->
	<include file="globle.xml" />
	<package name="projectOverView" namespace="/control/assessment" extends="globle">
		<action name="ProjectOverViewAction_*" class="projectOverViewAction" method="{1}">
			<!-- 上会项目一览 -->
			<result name="projectOverviewList">/WEB-INF/page/projectOverview/projectOverviewList.jsp</result>
			<result name="projectOverviewdeTail">/WEB-INF/page/projectOverview/projectOverviewDetail.jsp</result>
			<result name="projectOverviewSubmit" type="redirect">ProjectOverViewAction.action</result>
		</action>
	</package>
</struts>