<?xml version="1.0" encoding="UTF-8" ?>
<!DOCTYPE struts PUBLIC
    "-//Apache Software Foundation//DTD Struts Configuration 2.0//EN"
    "http://struts.apache.org/dtds/struts-2.0.dtd">

<struts>
	<!-- 全局资源 -->
	<include file="globle.xml" />
	<package name="securityDirectorConfirm" namespace="/control/assessment" extends="globle">
		<action name="SecurityDirectorConfirmAction_*" class="securityDirectorConfirmAction" method="{1}">
			<!-- 审保主任确认 -->
			<result name="securityDirectorConfirmList">/WEB-INF/page/securityDirectorConfirm/securityDirectorConfirmList.jsp</result>
			<result name="securityDirectorConfirmdeTail">/WEB-INF/page/securityDirectorConfirm/securityDirectorConfirmDetail.jsp</result>
			<result name="projectConfirmdeTailSubmit" type="redirect">SecurityDirectorConfirmAction.action</result>
		</action>
	</package>
</struts>