<?xml version="1.0" encoding="UTF-8" ?>
<!DOCTYPE struts PUBLIC
    "-//Apache Software Foundation//DTD Struts Configuration 2.0//EN"
    "http://struts.apache.org/dtds/struts-2.0.dtd">

<struts>
	<!-- 全局资源 -->
	<include file="globle.xml" />
	<package name="YWDepartmentLeaderApprove" namespace="/control/assessment" extends="globle">
		<action name="YWDepartmentLeaderApproveAction_*" class="YWDepartmentLeaderApproveAction" method="{1}">
			<!-- 业务分管领导审批 -->
			<result name="YWDepartmentLeaderApproveList">/WEB-INF/page/YWDepartmentLeaderApprove/YWDepartmentLeaderApproveList.jsp</result>
			<result name="YWDepartmentLeaderApprovedeTail">/WEB-INF/page/YWDepartmentLeaderApprove/YWDepartmentLeaderApproveDetail.jsp</result>
			<result name="YWDepartmentLeaderApproveSubmit" type="redirect">YWDepartmentLeaderApproveAction.action</result>
		</action>
	</package>
</struts>