<?xml version="1.0" encoding="UTF-8" ?>
<!DOCTYPE struts PUBLIC
    "-//Apache Software Foundation//DTD Struts Configuration 2.0//EN"
    "http://struts.apache.org/dtds/struts-2.0.dtd">

<struts>
	<!-- 全局资源 -->
	<include file="globle.xml" />
	<package name="zhixindan" namespace="/control/assessment" extends="globle">
		<action name="ZhixindanAction_*" class="zhixindanAction" method="{1}">
			<!-- 执行单做成 -->
			<result name="zhixindanList">/WEB-INF/page/zhixindan/zhixindanList.jsp</result>
			<result name="zhixindandeTail">/WEB-INF/page/zhixindan/zhixindanDetail.jsp</result>
			<result name="zhixindanSubmit" type="redirect">ZhixindanAction.action</result>
		</action>
	</package>
</struts>