<?xml version="1.0" encoding="UTF-8" ?>
<!DOCTYPE struts PUBLIC
    "-//Apache Software Foundation//DTD Struts Configuration 2.0//EN"
    "http://struts.apache.org/dtds/struts-2.0.dtd">

<struts>
	<!-- 全局资源 -->
	<include file="globle.xml" />
	<!-- 用户维护 -->
	<package name="bank" namespace="/control/bank" extends="globle">
		<action name="BankAction_*" class="bankAction" method="{1}">
			<result name="bankList_success">/WEB-INF/page/bank/bankList.jsp</result>
			<result name="addUIBank_success">/WEB-INF/page/bank/manageBank.jsp</result>
			<result name="bankFileList_success">/WEB-INF/page/bank/manageBankFile.jsp</result>
			<result name="goList_success" type="redirect">BankAction.action?bank.parentId=${bank.parentId}</result>
		</action>
	</package>
</struts>