<?xml version="1.0" encoding="UTF-8" ?>
<!DOCTYPE struts PUBLIC
    "-//Apache Software Foundation//DTD Struts Configuration 2.0//EN"
    "http://struts.apache.org/dtds/struts-2.0.dtd">

<struts>
	<!-- 全局资源 -->
	<include file="globle.xml" />
	<!-- 用户维护 -->
	<package name="bankCD" namespace="/control/bankcd" extends="globle">
		<action name="BankCDAction_*" class="bankCDAction" method="{1}">
			<result name="bankCDList_success">/WEB-INF/page/bank/bankCDList.jsp</result>
			<result name="addCDUI_success">/WEB-INF/page/bank/manageBankCD.jsp</result>
			<result name="addCD_success" type="redirect">BankCDAction.action</result>
			<result name="deleteCD_success" type="redirect">BankCDAction.action</result>
			<result name="updateCD_success" type="redirect">BankCDAction.action</result>
			<result name="updateCDUI_success">/WEB-INF/page/bank/manageBankCD.jsp</result>
		</action>
	</package>
</struts>