<?xml version="1.0" encoding="UTF-8" ?>
<!DOCTYPE struts PUBLIC
    "-//Apache Software Foundation//DTD Struts Configuration 2.0//EN"
    "http://struts.apache.org/dtds/struts-2.0.dtd">

<struts>
	<!-- 全局资源 -->
	<include file="globle.xml" />
	<package name="menu" namespace="/control/menu" extends="globle">
		<action name="MenuAction_*" class="menuAction" method="{1}">
			<result name="goList_success" type="redirect">MenuAction.action?menu.parentId=${menu.parentId}</result>
			<result name="menuList_success">/WEB-INF/page/menu/menuList.jsp</result>
			<result name="addMenuUI_success">/WEB-INF/page/menu/manageMenuUI.jsp</result>
			<result name="updateMenuUI_success">/WEB-INF/page/menu/manageMenuUI.jsp</result>
			<result name="allMenu_success">/WEB-INF/page/menu/allMenu.jsp</result>
			<result name="findChildrenMenu_success">/WEB-INF/page/menu/childrenMenus.jsp</result>
		</action>
	</package>	
</struts>