<?xml version="1.0" encoding="UTF-8" ?>
<!DOCTYPE struts PUBLIC
    "-//Apache Software Foundation//DTD Struts Configuration 2.0//EN"
    "http://struts.apache.org/dtds/struts-2.0.dtd">

<struts>
	<!-- 全局资源 -->
	<include file="globle.xml" />
	<package name="flowssteps" namespace="/control/step" extends="globle">
		<action name="FlowsStepsAction_*" class="flowsStepsAction" method="{1}">
			<result name="flowssteps_success">/WEB-INF/page/flowssteps/flowsstepsList.jsp</result>
            <result name="delete_success" type="redirect">FlowsStepsAction.action?flow.flowId=${flow.flowId}</result>
            <result name="addFlowUIssteps_success">/WEB-INF/page/flowssteps/manageFlowssteps.jsp</result>
            <result name="saveflowssteps_success" type="redirect">FlowsStepsAction.action?flow.flowId=${flow.flowId}</result>
            <result name="updateUI_success">/WEB-INF/page/flowssteps/manageFlowssteps.jsp</result>
            <result name="update_success" type="redirect">FlowsStepsAction.action?flow.flowId=${flow.flowId}</result>
		</action>
	</package>	
</struts>