<?xml version="1.0" encoding="UTF-8" ?>
<!DOCTYPE struts PUBLIC
    "-//Apache Software Foundation//DTD Struts Configuration 2.0//EN"
    "http://struts.apache.org/dtds/struts-2.0.dtd">

<struts>
	<!-- 全局资源 -->
	<include file="globle.xml" />
	<!-- 用户维护 -->
	<package name="flow" namespace="/control/step" extends="globle">
		<action name="FlowAction_*" class="flowAction" method="{1}">
			<result name="flowList_success">/WEB-INF/page/flow/flowList.jsp</result>
			<result name="addFlowUI_success">/WEB-INF/page/flow/manageFlowUI.jsp</result>
			<result name="updateFlowUI_success">/WEB-INF/page/flow/manageFlowUI.jsp</result>
			<result name="goList_success" type="redirect">FlowAction.action</result>
		</action>
	</package>
</struts>