<?xml version="1.0" encoding="UTF-8" ?>
<!DOCTYPE struts PUBLIC
    "-//Apache Software Foundation//DTD Struts Configuration 2.0//EN"
    "http://struts.apache.org/dtds/struts-2.0.dtd">

<struts>
	<!-- 全局资源 -->
	<include file="globle.xml" />
	<!-- 用户维护 -->
	<package name="stage" namespace="/control/step" extends="globle">
		<action name="StageAction_*" class="stageAction" method="{1}">
			<result name="stageList_success">/WEB-INF/page/stage/stageList.jsp</result>
			<result name="addUI_success">/WEB-INF/page/stage/manageStageUI.jsp</result>
			<result name="updateUI_success">/WEB-INF/page/stage/manageStageUI.jsp</result>
			<result name="goList_success" type="redirect">StageAction.action</result>
		</action>
	</package>
</struts>