<?xml version="1.0" encoding="UTF-8" ?>
<!DOCTYPE struts PUBLIC
    "-//Apache Software Foundation//DTD Struts Configuration 2.0//EN"
    "http://struts.apache.org/dtds/struts-2.0.dtd">

<struts>
	<!-- 全局资源 -->
	<include file="globle.xml" />
	<!-- 用户维护 -->
	<package name="step" namespace="/control/step" extends="globle">
		<action name="StepAction_*" class="stepAction" method="{1}">
			<result name="stepList_success">/WEB-INF/page/step/stepList.jsp</result>
			<result name="addStepUI_success">/WEB-INF/page/step/manageStepUI.jsp</result>
			<result name="updateStepUI_success">/WEB-INF/page/step/manageStepUI.jsp</result>
			<result name="findChildren_success">/WEB-INF/page/step/includechild.jsp</result>
			<result name="goList_success" type="redirect">StepAction.action</result>
		</action>
	</package>
</struts>